<BEGIN>;;;;;;;;;;;;;;;;;;;;;;;;;;;;;;;;;;
<Equivalent units>;;;;;;;;;;;;;;;;;;;;;;;;;;;;;;;;;;
Plant's ID;Plant's Name;Unit's ID;Minimum power output (MW);Maximum power output (MW);Ramp-up limit (MW/h);Ramp-down limit (MW/h);Minimum up-time (h);Minimum down-time (h);Transition ramp (MW/h);Bus;Constant cost ($);Start-up cost ($);Shut-down cost ($);Comments;Real units part of equivalent unit (units are separated by semicolons);;;;;;;;;;;;;;;;;;;
12;CUIABA G CC;1;145;245;50;50;72;24;99999;4596;0;0;0;;1;3;;;;;;;;;;;;;;;;;;
12;CUIABA G CC;2;145;245;50;50;72;24;99999;4597;0;0;0;;2;3;;;;;;;;;;;;;;;;;;
12;CUIABA G CC;3;310;490;50;50;72;24;99999;4596;0;0;0;;1;2;3;;;;;;;;;;;;;;;;;
21;MARANHAO V;1;200;337.6;50;50;120;48;99999;5648;0;0;0;;1;2;;;;;;;;;;;;;;;;;;
35;URUGUAIANA;1;180;250;70;90;168;0;99999;1164;0;0;0;;1;3;;;;;;;;;;;;;;;;;;
35;URUGUAIANA;2;180;250;70;90;168;0;99999;1164;0;0;0;;2;3;;;;;;;;;;;;;;;;;;
35;URUGUAIANA;3;360;500;100;220;168;0;99999;1165;0;0;0;;1;2;3;;;;;;;;;;;;;;;;;
36;MARANHAO IV;1;200;337.6;50;50;120;48;99999;5647;0;0;0;;1;2;;;;;;;;;;;;;;;;;;
42;FORTALEZA;1;150;160;50;50;96;24;99999;5654;0;0;0;;1;3;;;;;;;;;;;;;;;;;;
42;FORTALEZA;2;150;160;50;50;96;24;99999;5654;0;0;0;;2;3;;;;;;;;;;;;;;;;;;
42;FORTALEZA;3;260;327;50;50;96;24;99999;5655;0;0;0;;1;2;3;;;;;;;;;;;;;;;;;
46;N.VENECIA 2;1;110;178.21;50;50;120;48;99999;5650;0;0;0;;1;2;;;;;;;;;;;;;;;;;;
47;TERMORIO;1;270;330;50;50;82;48;99999;4203;0;0;0;;1;2;3;;;;;;;;;;;;;;;;;
47;TERMORIO;2;425;485;50;50;82;48;99999;4203;0;0;0;;1;2;3;4;6;;;;;;;;;;;;;;;
47;TERMORIO;3;425;485;50;50;82;48;99999;4204;0;0;0;;1;2;3;5;6;;;;;;;;;;;;;;;
47;TERMORIO;4;425;485;50;50;82;48;99999;4206;0;0;0;;1;2;3;7;9;;;;;;;;;;;;;;;
47;TERMORIO;5;425;485;50;50;82;48;99999;4206;0;0;0;;1;2;3;8;9;;;;;;;;;;;;;;;
47;TERMORIO;6;580;640;50;50;82;48;99999;4205;0;0;0;;1;2;3;4;5;6;;;;;;;;;;;;;;
47;TERMORIO;7;580;640;50;50;82;48;99999;4207;0;0;0;;1;2;3;7;8;9;;;;;;;;;;;;;;
47;TERMORIO;8;580;640;50;50;82;48;99999;4207;0;0;0;;1;2;3;4;6;7;9;;;;;;;;;;;;;
47;TERMORIO;9;580;640;50;50;82;48;99999;4208;0;0;0;;1;2;3;5;6;7;9;;;;;;;;;;;;;
47;TERMORIO;10;580;640;50;50;82;48;99999;4208;0;0;0;;1;2;3;4;6;8;9;;;;;;;;;;;;;
47;TERMORIO;11;580;640;50;50;82;48;99999;4208;0;0;0;;1;2;3;5;6;8;9;;;;;;;;;;;;;
47;TERMORIO;12;735;795;50;50;83;48;99999;4208;0;0;0;;1;2;3;4;5;6;7;9;;;;;;;;;;;;
47;TERMORIO;13;735;795;50;50;83;48;99999;4208;0;0;0;;1;2;3;4;5;6;8;9;;;;;;;;;;;;
47;TERMORIO;14;735;795;50;50;83;48;99999;4208;0;0;0;;1;2;3;4;6;7;8;9;;;;;;;;;;;;
47;TERMORIO;15;735;795;50;50;83;48;99999;4208;0;0;0;;1;2;3;5;6;7;8;9;;;;;;;;;;;;
47;TERMORIO;16;890;989.2;50;50;94;48;99999;4208;0;0;0;;1;2;3;4;5;6;7;8;9;;;;;;;;;;;
47;TERMORIO;17;155;155;50;50;82;48;99999;4208;0;0;0;;4;6;;;;;;;;;;;;;;;;;;
47;TERMORIO;18;155;155;50;50;82;48;99999;4208;0;0;0;;5;6;;;;;;;;;;;;;;;;;;
47;TERMORIO;19;155;155;50;50;82;48;99999;4208;0;0;0;;7;9;;;;;;;;;;;;;;;;;;
47;TERMORIO;20;155;155;50;50;82;48;99999;4208;0;0;0;;8;9;;;;;;;;;;;;;;;;;;
47;TERMORIO;21;310;310;50;50;82;48;99999;4208;0;0;0;;4;5;6;;;;;;;;;;;;;;;;;
47;TERMORIO;22;310;310;50;50;82;48;99999;4208;0;0;0;;7;8;9;;;;;;;;;;;;;;;;;
47;TERMORIO;23;310;310;50;50;82;48;99999;4208;0;0;0;;4;6;7;9;;;;;;;;;;;;;;;;
47;TERMORIO;24;310;310;50;50;82;48;99999;4208;0;0;0;;5;6;7;9;;;;;;;;;;;;;;;;
47;TERMORIO;25;310;310;50;50;82;48;99999;4208;0;0;0;;4;6;8;9;;;;;;;;;;;;;;;;
47;TERMORIO;26;310;310;50;50;82;48;99999;4208;0;0;0;;5;6;8;9;;;;;;;;;;;;;;;;
47;TERMORIO;27;465;465;50;50;83;48;99999;4208;0;0;0;;4;5;6;7;9;;;;;;;;;;;;;;;
47;TERMORIO;28;465;465;50;50;83;48;99999;4208;0;0;0;;4;5;6;8;9;;;;;;;;;;;;;;;
47;TERMORIO;29;465;465;50;50;83;48;99999;4208;0;0;0;;4;6;7;8;9;;;;;;;;;;;;;;;
47;TERMORIO;30;465;465;50;50;83;48;99999;4208;0;0;0;;5;6;7;8;9;;;;;;;;;;;;;;;
47;TERMORIO;31;620;620;50;50;86;48;99999;4208;0;0;0;;4;5;6;7;8;9;;;;;;;;;;;;;;
48;ARAUCARIA;1;235;235;99999;99999;72;43;99999;803;0;0;0;;1;3;;;;;;;;;;;;;;;;;;
48;ARAUCARIA;2;235;235;99999;99999;72;43;99999;802;0;0;0;;2;3;;;;;;;;;;;;;;;;;;
48;ARAUCARIA;3;351;484.15;50;50;72;43;99999;802;0;0;0;;1;2;3;;;;;;;;;;;;;;;;;
49;VIANA;1;96.03;130.95;50;50;6;2;8.73;8911;0;0;0;;1;2;3;4;;;;;;;;;;;;;;;;
49;VIANA;2;139.68;174.6;50;50;6;2;8.73;8911;0;0;0;;1;2;3;4;;;;;;;;;;;;;;;;
49;VIANA;3;8.73;43.65;50;50;6;2;8.73;8910;0;0;0;;1;2;3;4;;;;;;;;;;;;;;;;
49;VIANA;4;52.38;87.3;50;50;6;2;8.73;8910;0;0;0;;1;2;3;4;;;;;;;;;;;;;;;;
53;GLOBAL I;1;60;79.36;40;40;5;5;20;5820;0;0;0;;2;3;;;;;;;;;;;;;;;;;;
53;GLOBAL I;2;60;79.36;40;40;5;5;20;5820;0;0;0;;2;4;;;;;;;;;;;;;;;;;;
53;GLOBAL I;3;60;79.36;40;40;5;5;20;5820;0;0;0;;1;2;;;;;;;;;;;;;;;;;;
53;GLOBAL I;4;60;69.44;40;40;5;5;20;5820;0;0;0;;3;4;;;;;;;;;;;;;;;;;;
53;GLOBAL I;5;60;69.44;40;40;5;5;20;5820;0;0;0;;1;3;;;;;;;;;;;;;;;;;;
53;GLOBAL I;6;60;69.44;40;40;5;5;20;5820;0;0;0;;1;4;;;;;;;;;;;;;;;;;;
53;GLOBAL I;7;79.85;114.08;40;40;6;5;20;5820;0;0;0;;2;3;4;;;;;;;;;;;;;;;;;
53;GLOBAL I;8;79.85;114.08;40;40;6;5;20;5820;0;0;0;;1;2;3;;;;;;;;;;;;;;;;;
53;GLOBAL I;9;79.85;104.16;40;40;6;5;20;5820;0;0;0;;1;3;4;;;;;;;;;;;;;;;;;
53;GLOBAL I;10;79.85;114.08;40;40;6;5;20;5820;0;0;0;;1;2;4;;;;;;;;;;;;;;;;;
53;GLOBAL I;11;104.16;148.8;40;40;7;5;20;5820;0;0;0;;1;2;3;4;;;;;;;;;;;;;;;;
55;GLOBAL II;1;60;79.36;40;40;5;5;20;5823;0;0;0;;1;4;;;;;;;;;;;;;;;;;;
55;GLOBAL II;2;60;79.36;40;40;5;5;20;5823;0;0;0;;2;4;;;;;;;;;;;;;;;;;;
55;GLOBAL II;3;60;79.36;40;40;5;5;20;5823;0;0;0;;3;4;;;;;;;;;;;;;;;;;;
55;GLOBAL II;4;60;69.44;40;40;5;5;20;5823;0;0;0;;1;2;;;;;;;;;;;;;;;;;;
55;GLOBAL II;5;60;69.44;40;40;5;5;20;5823;0;0;0;;1;3;;;;;;;;;;;;;;;;;;
55;GLOBAL II;6;60;69.44;40;40;5;5;20;5823;0;0;0;;2;3;;;;;;;;;;;;;;;;;;
55;GLOBAL II;7;79.85;114.08;40;40;6;5;20;5823;0;0;0;;1;2;4;;;;;;;;;;;;;;;;;
55;GLOBAL II;8;79.85;114.08;40;40;6;5;20;5823;0;0;0;;1;3;4;;;;;;;;;;;;;;;;;
55;GLOBAL II;9;79.85;104.16;40;40;6;5;20;5823;0;0;0;;1;2;3;;;;;;;;;;;;;;;;;
55;GLOBAL II;10;79.85;114.08;40;40;6;5;20;5823;0;0;0;;2;3;4;;;;;;;;;;;;;;;;;
55;GLOBAL II;11;104.16;148.8;40;40;7;5;20;5823;0;0;0;;1;2;3;4;;;;;;;;;;;;;;;;
58;TERMOCEARA;1;40;52.3;99999;99999;5;6;99999;5660;0;0;0;;1;;;;;;;;;;;;;;;;;;;
58;TERMOCEARA;2;40;52.3;99999;99999;5;6;99999;5660;0;0;0;;2;;;;;;;;;;;;;;;;;;;
58;TERMOCEARA;3;40;52.3;99999;99999;5;6;99999;5660;0;0;0;;3;;;;;;;;;;;;;;;;;;;
58;TERMOCEARA;4;20;26.15;99999;99999;5;6;99999;5660;0;0;0;;4;;;;;;;;;;;;;;;;;;;
58;TERMOCEARA;5;80;104.6;99999;99999;5;6;99999;5660;0;0;0;;1;2;;;;;;;;;;;;;;;;;;
58;TERMOCEARA;6;80;104.6;99999;99999;5;6;99999;5660;0;0;0;;1;3;;;;;;;;;;;;;;;;;;
58;TERMOCEARA;7;60;78.45;99999;99999;5;6;99999;5660;0;0;0;;1;4;;;;;;;;;;;;;;;;;;
58;TERMOCEARA;8;80;104.6;99999;99999;5;6;99999;5660;0;0;0;;2;3;;;;;;;;;;;;;;;;;;
58;TERMOCEARA;9;60;78.45;99999;99999;5;6;99999;5660;0;0;0;;2;4;;;;;;;;;;;;;;;;;;
58;TERMOCEARA;10;60;78.45;99999;99999;5;6;99999;5660;0;0;0;;3;4;;;;;;;;;;;;;;;;;;
58;TERMOCEARA;11;120;156.9;99999;99999;5;6;99999;5660;0;0;0;;1;2;3;;;;;;;;;;;;;;;;;
58;TERMOCEARA;12;100;130.75;99999;99999;5;6;99999;5660;0;0;0;;1;2;4;;;;;;;;;;;;;;;;;
58;TERMOCEARA;13;100;130.75;99999;99999;5;6;99999;5660;0;0;0;;1;3;4;;;;;;;;;;;;;;;;;
58;TERMOCEARA;14;100;130.75;99999;99999;5;6;99999;5660;0;0;0;;2;3;4;;;;;;;;;;;;;;;;;
58;TERMOCEARA;15;140;183.05;99999;99999;5;6;99999;5660;0;0;0;;1;2;3;4;;;;;;;;;;;;;;;;
60;NORTEFLU;1;190;250;240;260;120;48;99999;3962;0;0;0;;1;4;;;;;;;;;;;;;;;;;;
60;NORTEFLU;2;190;250;240;260;120;48;99999;3962;0;0;0;;2;4;;;;;;;;;;;;;;;;;;
60;NORTEFLU;3;190;250;240;260;120;48;99999;3962;0;0;0;;3;4;;;;;;;;;;;;;;;;;;
60;NORTEFLU;4;390;520;240;260;120;48;99999;3963;0;0;0;;1;2;4;;;;;;;;;;;;;;;;;
60;NORTEFLU;5;390;520;240;260;120;48;99999;3963;0;0;0;;2;3;4;;;;;;;;;;;;;;;;;
60;NORTEFLU;6;390;520;240;260;120;48;99999;3963;0;0;0;;1;3;4;;;;;;;;;;;;;;;;;
60;NORTEFLU;7;600;826.78;240;260;120;48;99999;3963;0;0;0;;1;2;3;4;;;;;;;;;;;;;;;;
62;SEROPEDICA;1;35;45;80;80;5;6;99999;3974;0;0;0;;1;2;3;4;5;6;7;8;;;;;;;;;;;;
62;SEROPEDICA;2;70;90;80;80;5;6;99999;3974;0;0;0;;1;2;3;4;5;6;7;8;;;;;;;;;;;;
62;SEROPEDICA;3;105;135;80;80;5;6;99999;3974;0;0;0;;1;2;3;4;5;6;7;8;;;;;;;;;;;;
62;SEROPEDICA;4;140;180;80;80;5;6;99999;3974;0;0;0;;1;2;3;4;5;6;7;8;;;;;;;;;;;;
62;SEROPEDICA;5;175;225;80;80;6;6;99999;3974;0;0;0;;1;2;3;4;5;6;7;8;;;;;;;;;;;;
62;SEROPEDICA;6;210;270;80;80;6;6;99999;3974;0;0;0;;1;2;3;4;5;6;7;8;;;;;;;;;;;;
62;SEROPEDICA;7;245;315;80;80;6;6;99999;3974;0;0;0;;1;2;3;4;5;6;7;8;;;;;;;;;;;;
62;SEROPEDICA;8;280;360;80;80;6;6;99999;3974;0;0;0;;1;2;3;4;5;6;7;8;;;;;;;;;;;;
63;IBIRITE;1;226;226;99999;99999;83;48;99999;1585;0;0;0;;1;2;;;;;;;;;;;;;;;;;;
64;CANOAS;1;248.573;248.573;99999;99999;80;48;99999;1152;0;0;0;;1;2;;;;;;;;;;;;;;;;;;
68;TRES LAGOAS;1;90;90;99999;99999;81;48;99999;4300;0;0;0;;1;3;;;;;;;;;;;;;;;;;;
68;TRES LAGOAS;2;90;90;99999;99999;81;48;99999;4300;0;0;0;;2;3;;;;;;;;;;;;;;;;;;
68;TRES LAGOAS;3;90;90;99999;99999;81;48;99999;4300;0;0;0;;4;6;;;;;;;;;;;;;;;;;;
68;TRES LAGOAS;4;90;90;99999;99999;81;48;99999;4301;0;0;0;;5;6;;;;;;;;;;;;;;;;;;
68;TRES LAGOAS;5;180;180;99999;99999;85;48;99999;4301;0;0;0;;1;2;3;;;;;;;;;;;;;;;;;
68;TRES LAGOAS;6;180;180;99999;99999;85;48;99999;4301;0;0;0;;4;5;6;;;;;;;;;;;;;;;;;
68;TRES LAGOAS;7;180;180;99999;99999;85;48;99999;4302;0;0;0;;1;3;4;6;;;;;;;;;;;;;;;;
68;TRES LAGOAS;8;180;180;99999;99999;85;48;99999;4302;0;0;0;;2;3;4;6;;;;;;;;;;;;;;;;
68;TRES LAGOAS;9;180;180;99999;99999;85;48;99999;4302;0;0;0;;1;3;5;6;;;;;;;;;;;;;;;;
68;TRES LAGOAS;10;180;180;99999;99999;85;48;99999;4302;0;0;0;;2;3;5;6;;;;;;;;;;;;;;;;
68;TRES LAGOAS;11;270;270;99999;99999;88;48;99999;4302;0;0;0;;1;2;3;4;6;;;;;;;;;;;;;;;
68;TRES LAGOAS;12;270;270;99999;99999;88;48;99999;4302;0;0;0;;1;2;3;5;6;;;;;;;;;;;;;;;
68;TRES LAGOAS;13;270;270;99999;99999;88;48;99999;4302;0;0;0;;1;3;4;5;6;;;;;;;;;;;;;;;
68;TRES LAGOAS;14;270;270;99999;99999;88;48;99999;4302;0;0;0;;2;3;4;5;6;;;;;;;;;;;;;;;
68;TRES LAGOAS;15;350;350;99999;99999;94;48;99999;4302;0;0;0;;1;2;3;4;5;6;;;;;;;;;;;;;;
83;VALE DO ACU;1;110;155;99999;99999;26;48;99999;5466;0;0;0;;1;2;;;;;;;;;;;;;;;;;;
83;VALE DO ACU;2;310;310;99999;99999;26;48;99999;5466;0;0;0;;1;2;;;;;;;;;;;;;;;;;;
90;TERMOMACAE;1;35;45;100;100;5;6;99999;3977;0;0;0;;1;2;3;4;5;6;7;8;9;10;11;12;13;14;15;16;17;18;19;20
90;TERMOMACAE;2;70;90;100;100;5;6;99999;3977;0;0;0;;1;2;3;4;5;6;7;8;9;10;11;12;13;14;15;16;17;18;19;20
90;TERMOMACAE;3;105;135;100;100;5;6;99999;3977;0;0;0;;1;2;3;4;5;6;7;8;9;10;11;12;13;14;15;16;17;18;19;20
90;TERMOMACAE;4;140;180;100;100;5;6;99999;3977;0;0;0;;1;2;3;4;5;6;7;8;9;10;11;12;13;14;15;16;17;18;19;20
90;TERMOMACAE;5;175;225;100;100;5;6;99999;3977;0;0;0;;1;2;3;4;5;6;7;8;9;10;11;12;13;14;15;16;17;18;19;20
90;TERMOMACAE;6;210;270;100;100;6;6;99999;3977;0;0;0;;1;2;3;4;5;6;7;8;9;10;11;12;13;14;15;16;17;18;19;20
90;TERMOMACAE;7;245;315;100;100;6;6;99999;3977;0;0;0;;1;2;3;4;5;6;7;8;9;10;11;12;13;14;15;16;17;18;19;20
90;TERMOMACAE;8;280;360;100;100;6;6;99999;3977;0;0;0;;1;2;3;4;5;6;7;8;9;10;11;12;13;14;15;16;17;18;19;20
90;TERMOMACAE;9;315;405;100;100;6;6;99999;3977;0;0;0;;1;2;3;4;5;6;7;8;9;10;11;12;13;14;15;16;17;18;19;20
90;TERMOMACAE;10;350;450;100;100;6;6;99999;3977;0;0;0;;1;2;3;4;5;6;7;8;9;10;11;12;13;14;15;16;17;18;19;20
90;TERMOMACAE;11;385;495;100;100;6;6;99999;3977;0;0;0;;1;2;3;4;5;6;7;8;9;10;11;12;13;14;15;16;17;18;19;20
90;TERMOMACAE;12;420;540;100;100;6;6;99999;3977;0;0;0;;1;2;3;4;5;6;7;8;9;10;11;12;13;14;15;16;17;18;19;20
90;TERMOMACAE;13;455;585;100;100;6;6;99999;3977;0;0;0;;1;2;3;4;5;6;7;8;9;10;11;12;13;14;15;16;17;18;19;20
90;TERMOMACAE;14;490;630;100;100;6;6;99999;3977;0;0;0;;1;2;3;4;5;6;7;8;9;10;11;12;13;14;15;16;17;18;19;20
90;TERMOMACAE;15;525;675;100;100;6;6;99999;3977;0;0;0;;1;2;3;4;5;6;7;8;9;10;11;12;13;14;15;16;17;18;19;20
90;TERMOMACAE;16;560;720;100;100;7;6;99999;3977;0;0;0;;1;2;3;4;5;6;7;8;9;10;11;12;13;14;15;16;17;18;19;20
90;TERMOMACAE;17;595;765;100;100;7;6;99999;3977;0;0;0;;1;2;3;4;5;6;7;8;9;10;11;12;13;14;15;16;17;18;19;20
90;TERMOMACAE;18;630;810;100;100;7;6;99999;3977;0;0;0;;1;2;3;4;5;6;7;8;9;10;11;12;13;14;15;16;17;18;19;20
90;TERMOMACAE;19;665;855;100;100;7;6;99999;3977;0;0;0;;1;2;3;4;5;6;7;8;9;10;11;12;13;14;15;16;17;18;19;20
90;TERMOMACAE;20;700;900;100;100;7;6;99999;3977;0;0;0;;1;2;3;4;5;6;7;8;9;10;11;12;13;14;15;16;17;18;19;20
96;TERMOPE;1;247;257;5;5;132;36;99999;5151;0;0;0;;1;3;;;;;;;;;;;;;;;;;;
96;TERMOPE;2;247;257;5;5;132;36;99999;5151;0;0;0;;2;3;;;;;;;;;;;;;;;;;;
96;TERMOPE;3;509;533;8;8;132;36;99999;5154;0;0;0;;1;2;3;;;;;;;;;;;;;;;;;
97;CUBATAO;1;110;216;99999;99999;84;48;99999;9101;0;0;0;;1;2;;;;;;;;;;;;;;;;;;
97;CUBATAO;2;25;48;99999;99999;84;48;99999;9100;0;0;0;;1;;;;;;;;;;;;;;;;;;;
97;CUBATAO;3;85;168;99999;99999;84;48;99999;9100;0;0;0;;2;;;;;;;;;;;;;;;;;;;
110;N.PIRATININ;1;140;140;99999;99999;168;48;99999;405;0;0;0;;1;5;;;;;;;;;;;;;;;;;;
110;N.PIRATININ;2;140;140;99999;99999;168;48;99999;405;0;0;0;;2;5;;;;;;;;;;;;;;;;;;
110;N.PIRATININ;3;140;140;99999;99999;168;48;99999;406;0;0;0;;3;6;;;;;;;;;;;;;;;;;;
110;N.PIRATININ;4;140;140;99999;99999;168;48;99999;406;0;0;0;;4;6;;;;;;;;;;;;;;;;;;
110;N.PIRATININ;5;280;280;99999;99999;168;48;99999;404;0;0;0;;1;3;5;6;;;;;;;;;;;;;;;;
110;N.PIRATININ;6;280;280;99999;99999;168;48;99999;404;0;0;0;;1;4;5;6;;;;;;;;;;;;;;;;
110;N.PIRATININ;7;280;280;99999;99999;168;48;99999;404;0;0;0;;2;3;5;6;;;;;;;;;;;;;;;;
110;N.PIRATININ;8;280;280;99999;99999;168;48;99999;404;0;0;0;;2;4;5;6;;;;;;;;;;;;;;;;
110;N.PIRATININ;9;280;280;99999;99999;168;48;99999;404;0;0;0;;1;2;5;;;;;;;;;;;;;;;;;
110;N.PIRATININ;10;280;280;99999;99999;168;48;99999;404;0;0;0;;3;4;6;;;;;;;;;;;;;;;;;
110;N.PIRATININ;11;420;420;99999;99999;168;48;99999;404;0;0;0;;1;2;4;5;6;;;;;;;;;;;;;;;
110;N.PIRATININ;12;420;420;99999;99999;168;48;99999;404;0;0;0;;1;2;3;5;6;;;;;;;;;;;;;;;
110;N.PIRATININ;13;420;420;99999;99999;168;48;99999;404;0;0;0;;1;3;4;5;6;;;;;;;;;;;;;;;
110;N.PIRATININ;14;420;420;99999;99999;168;48;99999;404;0;0;0;;2;3;4;5;6;;;;;;;;;;;;;;;
110;N.PIRATININ;15;554.939;554.939;99999;99999;168;48;99999;404;0;0;0;;1;2;3;4;5;6;;;;;;;;;;;;;;
112;CURUMIM;1;7;8.4;99999;99999;5;6;99999;5802;0;0;0;;1;2;3;;;;;;;;;;;;;;;;;
112;CURUMIM;2;14;16.8;99999;99999;5;6;99999;5802;0;0;0;;1;2;3;;;;;;;;;;;;;;;;;
112;CURUMIM;3;21;27;99999;99999;6;6;99999;5802;0;0;0;;1;2;3;;;;;;;;;;;;;;;;;
116;PARNAIBA IV;1;51;56.3;99999;99999;120;48;99999;5642;0;0;0;;1;2;3;;;;;;;;;;;;;;;;;
140;MAUA 3;1;379.1;583;360;360;48;0;105;8535;0;0;0;;1;2;3;;;;;;;;;;;;;;;;;
140;MAUA 3;2;120;276;240;240;48;0;105;8535;0;0;0;;1;3;;;;;;;;;;;;;;;;;;
140;MAUA 3;3;120;276;240;240;48;0;105;8538;0;0;0;;2;3;;;;;;;;;;;;;;;;;;
144;PETROLINA;1;15.2;16.5;99999;99999;8;6;99999;6314;0;0;0;;1;2;3;4;5;6;7;8;;;;;;;;;;;;
144;PETROLINA;2;30.4;33;99999;99999;8;6;99999;6314;0;0;0;;1;2;3;4;5;6;7;8;;;;;;;;;;;;
144;PETROLINA;3;45.6;49.5;99999;99999;8;6;99999;6314;0;0;0;;1;2;3;4;5;6;7;8;;;;;;;;;;;;
144;PETROLINA;4;60.8;66;99999;99999;8;6;99999;6314;0;0;0;;1;2;3;4;5;6;7;8;;;;;;;;;;;;
144;PETROLINA;5;76;82.5;99999;99999;8;6;99999;6314;0;0;0;;1;2;3;4;5;6;7;8;;;;;;;;;;;;
144;PETROLINA;6;91.2;99;99999;99999;8;6;99999;6314;0;0;0;;1;2;3;4;5;6;7;8;;;;;;;;;;;;
144;PETROLINA;7;106.4;115.5;99999;99999;8;6;99999;6314;0;0;0;;1;2;3;4;5;6;7;8;;;;;;;;;;;;
144;PETROLINA;8;121.6;132;99999;99999;8;6;99999;6314;0;0;0;;1;2;3;4;5;6;7;8;;;;;;;;;;;;
152;TERMOCABO;1;16.5;16.5;99999;99999;6;12;99999;5134;0;0;0;;1;2;3;;;;;;;;;;;;;;;;;
152;TERMOCABO;2;33;33;99999;99999;6;12;99999;5134;0;0;0;;1;2;3;;;;;;;;;;;;;;;;;
152;TERMOCABO;3;49;49;99999;99999;6;12;99999;5134;0;0;0;;1;2;3;;;;;;;;;;;;;;;;;
164;APOENA;1;12.5;18;99999;99999;5;4;99999;5764;0;0;0;;1;2;3;4;5;6;7;8;;;;;;;;;;;;
164;APOENA;2;25;36;99999;99999;5;4;99999;5764;0;0;0;;1;2;3;4;5;6;7;8;;;;;;;;;;;;
164;APOENA;3;37.5;54;99999;99999;5;4;99999;5764;0;0;0;;1;2;3;4;5;6;7;8;;;;;;;;;;;;
164;APOENA;4;50;72;99999;99999;5;4;99999;5764;0;0;0;;1;2;3;4;5;6;7;8;;;;;;;;;;;;
164;APOENA;5;62.5;90;99999;99999;7;6;99999;5764;0;0;0;;1;2;3;4;5;6;7;8;;;;;;;;;;;;
164;APOENA;6;75;108;99999;99999;7;6;99999;5764;0;0;0;;1;2;3;4;5;6;7;8;;;;;;;;;;;;
164;APOENA;7;87.5;126;99999;99999;7;6;99999;5764;0;0;0;;1;2;3;4;5;6;7;8;;;;;;;;;;;;
164;APOENA;8;100;147.155;99999;99999;7;6;99999;5764;0;0;0;;1;2;3;4;5;6;7;8;;;;;;;;;;;;
166;GUARANI;1;26.6;31.3;99999;99999;6;4;99999;5762;0;0;0;;1;2;3;4;;;;;;;;;;;;;;;;
166;GUARANI;2;53.2;62.6;99999;99999;7;6;99999;5762;0;0;0;;1;2;3;4;;;;;;;;;;;;;;;;
166;GUARANI;3;79.8;93.9;99999;99999;8;8;99999;5762;0;0;0;;1;2;3;4;;;;;;;;;;;;;;;;
166;GUARANI;4;106.4;125.2;99999;99999;9;10;99999;5762;0;0;0;;1;2;3;4;;;;;;;;;;;;;;;;
170;SUAPE II;1;22.427;22.427;99999;99999;5;0;99999;6021;0;0;0;;1;2;3;4;5;6;7;8;9;10;11;12;13;14;15;16;17;;;
170;SUAPE II;2;44.854;44.854;99999;99999;5;0;99999;6021;0;0;0;;1;2;3;4;5;6;7;8;9;10;11;12;13;14;15;16;17;;;
170;SUAPE II;3;67.281;67.281;99999;99999;6;0;99999;6021;0;0;0;;1;2;3;4;5;6;7;8;9;10;11;12;13;14;15;16;17;;;
170;SUAPE II;4;89.708;89.708;99999;99999;6;0;99999;6022;0;0;0;;1;2;3;4;5;6;7;8;9;10;11;12;13;14;15;16;17;;;
170;SUAPE II;5;112.135;112.135;99999;99999;6;0;99999;6022;0;0;0;;1;2;3;4;5;6;7;8;9;10;11;12;13;14;15;16;17;;;
170;SUAPE II;6;134.562;134.562;99999;99999;6;0;99999;6022;0;0;0;;1;2;3;4;5;6;7;8;9;10;11;12;13;14;15;16;17;;;
170;SUAPE II;7;156.989;156.989;99999;99999;6;0;99999;6023;0;0;0;;1;2;3;4;5;6;7;8;9;10;11;12;13;14;15;16;17;;;
170;SUAPE II;8;179.416;179.416;99999;99999;6;0;99999;6023;0;0;0;;1;2;3;4;5;6;7;8;9;10;11;12;13;14;15;16;17;;;
170;SUAPE II;9;201.843;201.843;99999;99999;6;0;99999;6023;0;0;0;;1;2;3;4;5;6;7;8;9;10;11;12;13;14;15;16;17;;;
170;SUAPE II;10;224.27;224.27;99999;99999;7;0;99999;6024;0;0;0;;1;2;3;4;5;6;7;8;9;10;11;12;13;14;15;16;17;;;
170;SUAPE II;11;246.697;246.697;99999;99999;7;0;99999;6024;0;0;0;;1;2;3;4;5;6;7;8;9;10;11;12;13;14;15;16;17;;;
170;SUAPE II;12;269.124;269.124;99999;99999;7;0;99999;6024;0;0;0;;1;2;3;4;5;6;7;8;9;10;11;12;13;14;15;16;17;;;
170;SUAPE II;13;291.551;291.551;99999;99999;7;0;99999;6025;0;0;0;;1;2;3;4;5;6;7;8;9;10;11;12;13;14;15;16;17;;;
170;SUAPE II;14;313.978;313.978;99999;99999;7;0;99999;6025;0;0;0;;1;2;3;4;5;6;7;8;9;10;11;12;13;14;15;16;17;;;
170;SUAPE II;15;336.405;336.405;99999;99999;7;0;99999;6025;0;0;0;;1;2;3;4;5;6;7;8;9;10;11;12;13;14;15;16;17;;;
170;SUAPE II;16;358.832;358.832;99999;99999;7;0;99999;6026;0;0;0;;1;2;3;4;5;6;7;8;9;10;11;12;13;14;15;16;17;;;
170;SUAPE II;17;381.259;381.259;99999;99999;8;0;99999;6026;0;0;0;;1;2;3;4;5;6;7;8;9;10;11;12;13;14;15;16;17;;;
211;BAIXADA FLU;1;260;265;99999;99999;168;48;99999;9627;0;0;0;;1;3;;;;;;;;;;;;;;;;;;
211;BAIXADA FLU;2;260;265;99999;99999;168;48;99999;9627;0;0;0;;2;3;;;;;;;;;;;;;;;;;;
211;BAIXADA FLU;3;520;530;99999;99999;168;48;99999;9628;0;0;0;;1;2;3;;;;;;;;;;;;;;;;;
212;MARANHAO III;1;400;518.8;99999;99999;120;48;99999;5646;0;0;0;;1;2;3;;;;;;;;;;;;;;;;;
224;P. SERGIPE I;1;1593.199;1593.199;99999;99999;179;0;99999;5700;0;0;0;;1;2;3;4;;;;;;;;;;;;;;;;
224;P. SERGIPE I;2;1060;1060;99999;99999;177;0;99999;5700;0;0;0;;2;3;4;;;;;;;;;;;;;;;;;
224;P. SERGIPE I;3;1060;1060;99999;99999;177;0;99999;5700;0;0;0;;1;3;4;;;;;;;;;;;;;;;;;
224;P. SERGIPE I;4;1060;1060;99999;99999;177;0;99999;5800;0;0;0;;1;2;4;;;;;;;;;;;;;;;;;
224;P. SERGIPE I;5;514;514;99999;99999;175;0;99999;5700;0;0;0;;1;4;;;;;;;;;;;;;;;;;;
224;P. SERGIPE I;6;514;514;99999;99999;175;0;99999;5700;0;0;0;;2;4;;;;;;;;;;;;;;;;;;
224;P. SERGIPE I;7;514;514;99999;99999;175;0;99999;5700;0;0;0;;3;4;;;;;;;;;;;;;;;;;;
383;ATLANTICO;1;40;90;100;100;24;1;99999;9603;0;0;0;;1;;;;;;;;;;;;;;;;;;;
383;ATLANTICO;2;40;90;100;100;24;1;99999;9615;0;0;0;;2;;;;;;;;;;;;;;;;;;;
383;ATLANTICO;3;40;155;100;100;24;1;99999;9600;0;0;0;;3;;;;;;;;;;;;;;;;;;;
383;ATLANTICO;4;80;180;100;100;24;1;99999;9600;0;0;0;;1;2;;;;;;;;;;;;;;;;;;
383;ATLANTICO;5;80;295;100;100;24;1;99999;9600;0;0;0;;1;3;;;;;;;;;;;;;;;;;;
383;ATLANTICO;6;80;295;100;100;24;1;99999;9600;0;0;0;;2;3;;;;;;;;;;;;;;;;;;
383;ATLANTICO;7;120;455.7;100;100;24;1;99999;9600;0;0;0;;1;2;3;;;;;;;;;;;;;;;;;
137;GNA;1;1338.3;1338.3;99999;99999;176;0;99999;54;0;0;0;;1;2;3;4;;;;;;;;;;;;;;;;
</Equivalent units>;;;;;;;;;;;;;;;;;;;;;;;;;;;;;;;;;;
</END>;;;;;;;;;;;;;;;;;;;;;;;;;;;;;;;;;;
