<BEGIN>;;;;;;;;;;;;;;
<Thermal generating units>;;;;;;;;;;;;;;
Plant's Name;Plant's ID;Unit's ID;Minimum power output (MW);Maximum power output (MW);Ramp-up limit (MW/h);Ramp-down limit (MW/h);Minimum up-time (h);Minimum down-time (h);Bus;Standard linear generation cost ($/MWh);Constant cost ($);Start-up cost ($);Shut-down cost ($);Comments
ANGRA 1;1;1;520;640;18;18;168;168;10;31.17;0;0;0;
ST.CRUZ 34;4;3;1;218;30;30;0;0;30;310.41;0;0;0;
ST.CRUZ 34;4;4;1;218;30;30;0;0;30;310.41;0;0;0;
R.SILVEIRA;9;1;8;13;20;20;4;6;201;978.1;0;0;0;
R.SILVEIRA;9;2;8;12;20;20;4;6;203;978.1;0;0;0;
CUIABA G CC;12;1;95;155;60;60;72;24;4596;570.07;0;0;0;
CUIABA G CC;12;2;95;155;60;60;72;24;4597;570.07;0;0;0;
CUIABA G CC;12;3;45;180;60;60;72;24;4596;570.07;0;0;0;
ANGRA 2;13;1;1080;1350;18;18;168;168;11;20.12;0;0;0;
LINHARES;15;1;25;51;35;35;168;168;9026;454.19;0;0;0;
LINHARES;15;2;25;51;35;35;168;168;9026;454.19;0;0;0;
LINHARES;15;3;25;51;35;35;168;168;9026;454.19;0;0;0;
LINHARES;15;4;25;51;35;35;168;168;9026;454.19;0;0;0;
MARANHAO V;21;1;110;168.872;240;240;120;48;5648;300;0;0;0;
MARANHAO V;21;2;110;168.872;240;240;120;48;5648;300;0;0;0;
J.LACERDA C;24;7;180;363;150;150;216;80;913;229.27;0;0;0;
J.LACERDA B;25;5;80;131;120;120;216;80;911;271.21;0;0;0;
J.LACERDA B;25;6;80;131;120;120;216;80;911;271.21;0;0;0;
J.LACERDA A1;26;1;35;50;60;60;216;80;907;304.61;0;0;0;
J.LACERDA A1;26;2;35;50;60;60;216;80;907;304.61;0;0;0;
J.LACERDA A2;27;3;35;66;60;60;216;80;909;278.38;0;0;0;
J.LACERDA A2;27;4;35;66;60;60;216;80;909;278.38;0;0;0;
FIGUEIRA;28;1;6;10;20;20;6;6;2481;475.68;0;0;0;
FIGUEIRA;28;3;6;10;20;20;6;6;2481;475.68;0;0;0;
URUGUAIANA;35;1;120;187.65;70;90;168;0;1164;200;0;0;0;
URUGUAIANA;35;2;120;187.65;70;90;168;0;1164;200;0;0;0;
URUGUAIANA;35;3;176;264.6;100;220;168;0;1165;200;0;0;0;
MARANHAO IV;36;1;110;168.872;240;240;120;48;5647;300;0;0;0;
MARANHAO IV;36;2;110;168.872;240;240;120;48;5647;300;0;0;0;
FORTALEZA;42;1;40;102.85;80;80;96;24;5654;254.96;0;0;0;
FORTALEZA;42;2;40;102.85;80;80;96;24;5654;254.96;0;0;0;
FORTALEZA;42;3;40;113.05;80;80;96;24;5655;254.96;0;0;0;
TERMOBAHIA;43;1;100;185.891;60;60;74;48;5827;374.87;0;0;0;
N.VENECIA 2;46;1;110;168.872;68;68;120;48;5650;150;0;0;0;
N.VENECIA 2;46;2;9.3;9.3;20;20;120;48;5650;150;0;0;0;
TERMORIO;47;1;90;123.25;20;20;82;48;4203;376.38;0;0;0;
TERMORIO;47;2;90;123.25;20;20;82;48;4203;376.38;0;0;0;
TERMORIO;47;3;90;123.25;20;20;82;48;4204;376.38;0;0;0;
TERMORIO;47;4;90;123.25;20;20;82;48;4206;376.38;0;0;0;
TERMORIO;47;5;90;123.25;20;20;82;48;4206;376.38;0;0;0;
TERMORIO;47;6;90;123.25;20;20;82;48;4205;376.38;0;0;0;
TERMORIO;47;7;155;176.8;50;50;82;48;4207;376.38;0;0;0;
TERMORIO;47;8;123.25;123.25;20;20;82;48;4207;376.38;0;0;0;
TERMORIO;47;9;123.25;123.25;20;20;82;48;4208;376.38;0;0;0;
ARAUCARIA;48;1;112;170;180;180;72;43;803;706.35;0;0;0;
ARAUCARIA;48;2;112;170;180;180;72;43;802;706.35;0;0;0;
ARAUCARIA;48;3;116;249.15;180;180;72;43;802;706.35;0;0;0;
VIANA;49;1;6.98;8.73;10;10;6;2;8910;1257.47;0;0;0;
VIANA;49;2;6.98;8.73;10;10;6;2;8910;1257.47;0;0;0;
VIANA;49;3;6.98;8.73;10;10;6;2;8910;1257.47;0;0;0;
VIANA;49;4;6.98;8.73;10;10;6;2;8910;1257.47;0;0;0;
VIANA;49;5;6.98;8.73;10;10;6;2;8910;1257.47;0;0;0;
VIANA;49;6;6.98;8.73;10;10;6;2;8910;1257.47;0;0;0;
VIANA;49;7;6.98;8.73;10;10;6;2;8910;1257.47;0;0;0;
VIANA;49;8;6.98;8.73;10;10;6;2;8910;1257.47;0;0;0;
VIANA;49;9;6.98;8.73;10;10;6;2;8910;1257.47;0;0;0;
VIANA;49;10;6.98;8.73;10;10;6;2;8910;1257.47;0;0;0;
VIANA;49;11;6.98;8.73;10;10;6;2;8911;1257.47;0;0;0;
VIANA;49;12;6.98;8.73;10;10;6;2;8911;1257.47;0;0;0;
VIANA;49;13;6.98;8.73;10;10;6;2;8911;1257.47;0;0;0;
VIANA;49;14;6.98;8.73;10;10;6;2;8911;1257.47;0;0;0;
VIANA;49;15;6.98;8.73;10;10;6;2;8911;1257.47;0;0;0;
VIANA;49;16;6.98;8.73;10;10;6;2;8911;1257.47;0;0;0;
VIANA;49;17;6.98;8.73;10;10;6;2;8911;1257.47;0;0;0;
VIANA;49;18;6.98;8.73;10;10;6;2;8911;1257.47;0;0;0;
VIANA;49;19;6.98;8.73;10;10;6;2;8911;1257.47;0;0;0;
VIANA;49;20;6.98;8.73;10;10;6;2;8911;1257.47;0;0;0;
PIRAT.12 G;50;1;1;100;50;50;0;0;403;470.34;0;0;0;
PIRAT.12 G;50;2;1;100;50;50;0;0;404;470.34;0;0;0;
CAMPINA GDE;52;1;31;42.27;22;22;6;3;5220;1257.49;0;0;0;
CAMPINA GDE;52;2;31;42.27;22;22;6;3;5220;1257.49;0;0;0;
CAMPINA GDE;52;3;31;42.27;22;22;6;3;5220;1257.49;0;0;0;
CAMPINA GDE;52;4;31;42.27;22;22;6;3;5220;1257.49;0;0;0;
GLOBAL I;53;1;0;2.48;40;40;5;5;5820;1423.8;0;0;0;
GLOBAL I;53;2;0;2.48;40;40;5;5;5820;1423.8;0;0;0;
GLOBAL I;53;3;0;2.48;40;40;5;5;5820;1423.8;0;0;0;
GLOBAL I;53;4;0;2.48;40;40;5;5;5820;1423.8;0;0;0;
GLOBAL I;53;5;0;2.48;40;40;5;5;5820;1423.8;0;0;0;
GLOBAL I;53;6;0;2.48;40;40;5;5;5820;1423.8;0;0;0;
GLOBAL I;53;7;0;2.48;40;40;6;5;5820;1423.8;0;0;0;
GLOBAL I;53;8;0;2.48;40;40;6;5;5820;1423.8;0;0;0;
GLOBAL I;53;9;0;2.48;40;40;6;5;5820;1423.8;0;0;0;
GLOBAL I;53;10;0;2.48;40;40;6;5;5820;1423.8;0;0;0;
GLOBAL I;53;11;0;2.48;40;40;7;5;5820;1423.8;0;0;0;
GLOBAL I;53;12;0;2.48;40;40;5;5;5820;1423.8;0;0;0;
GLOBAL I;53;13;0;2.48;40;40;5;5;5820;1423.8;0;0;0;
GLOBAL I;53;14;0;2.48;40;40;5;5;5820;1423.8;0;0;0;
GLOBAL I;53;15;0;2.48;40;40;5;5;5820;1423.8;0;0;0;
GLOBAL I;53;16;0;2.48;40;40;5;5;5820;1423.8;0;0;0;
GLOBAL I;53;17;0;2.48;40;40;5;5;5820;1423.8;0;0;0;
GLOBAL I;53;18;0;2.48;40;40;6;5;5820;1423.8;0;0;0;
GLOBAL I;53;19;0;2.48;40;40;6;5;5820;1423.8;0;0;0;
GLOBAL I;53;20;0;2.48;40;40;6;5;5820;1423.8;0;0;0;
GLOBAL I;53;21;0;2.48;40;40;6;5;5820;1423.8;0;0;0;
GLOBAL I;53;22;0;2.48;40;40;7;5;5820;1423.8;0;0;0;
GLOBAL I;53;23;0;2.48;40;40;5;5;5820;1423.8;0;0;0;
GLOBAL I;53;24;0;2.48;40;40;5;5;5820;1423.8;0;0;0;
GLOBAL I;53;25;0;2.48;40;40;5;5;5820;1423.8;0;0;0;
GLOBAL I;53;26;0;2.48;40;40;5;5;5820;1423.8;0;0;0;
GLOBAL I;53;27;0;2.48;40;40;5;5;5820;1423.8;0;0;0;
GLOBAL I;53;28;0;2.48;40;40;5;5;5820;1423.8;0;0;0;
GLOBAL I;53;29;0;2.48;40;40;6;5;5820;1423.8;0;0;0;
GLOBAL I;53;30;0;2.48;40;40;6;5;5820;1423.8;0;0;0;
GLOBAL I;53;31;0;2.48;40;40;6;5;5820;1423.8;0;0;0;
GLOBAL I;53;32;0;2.48;40;40;6;5;5820;1423.8;0;0;0;
GLOBAL I;53;33;0;2.48;40;40;7;5;5820;1423.8;0;0;0;
GLOBAL I;53;34;0;2.48;40;40;5;5;5820;1423.8;0;0;0;
GLOBAL I;53;35;0;2.48;40;40;5;5;5820;1423.8;0;0;0;
GLOBAL I;53;36;0;2.48;40;40;5;5;5820;1423.8;0;0;0;
GLOBAL I;53;37;0;2.48;40;40;5;5;5820;1423.8;0;0;0;
GLOBAL I;53;38;0;2.48;40;40;5;5;5820;1423.8;0;0;0;
GLOBAL I;53;39;0;2.48;40;40;5;5;5820;1423.8;0;0;0;
GLOBAL I;53;40;0;2.48;40;40;6;5;5820;1423.8;0;0;0;
GLOBAL I;53;41;0;2.48;40;40;5;5;5820;1423.8;0;0;0;
GLOBAL I;53;42;0;2.48;40;40;5;5;5820;1423.8;0;0;0;
GLOBAL I;53;43;0;2.48;40;40;5;5;5820;1423.8;0;0;0;
GLOBAL I;53;44;0;2.48;40;40;5;5;5820;1423.8;0;0;0;
GLOBAL I;53;45;0;2.48;40;40;5;5;5820;1423.8;0;0;0;
GLOBAL I;53;46;0;2.48;40;40;5;5;5820;1423.8;0;0;0;
GLOBAL I;53;47;0;2.48;40;40;5;5;5820;1423.8;0;0;0;
GLOBAL I;53;48;0;2.48;40;40;5;5;5820;1423.8;0;0;0;
GLOBAL I;53;49;0;2.48;40;40;6;5;5820;1423.8;0;0;0;
GLOBAL I;53;50;0;2.48;40;40;6;5;5820;1423.8;0;0;0;
GLOBAL I;53;51;0;2.48;40;40;6;5;5820;1423.8;0;0;0;
GLOBAL I;53;52;0;2.48;40;40;6;5;5820;1423.8;0;0;0;
GLOBAL I;53;53;0;2.48;40;40;7;5;5820;1423.8;0;0;0;
GLOBAL I;53;54;0;8.68;40;40;7;5;5820;1423.8;0;0;0;
GLOBAL I;53;55;0;8.68;40;40;7;5;5820;1423.8;0;0;0;
JUIZ DE FORA;54;1;35;43.935;17;17;5;6;4100;522.96;0;0;0;
JUIZ DE FORA;54;2;35;43.113;17;17;5;6;4180;522.96;0;0;0;
GLOBAL II;55;1;0;2.48;40;40;5;5;5823;1423.8;0;0;0;
GLOBAL II;55;2;0;2.48;40;40;5;5;5823;1423.8;0;0;0;
GLOBAL II;55;3;0;2.48;40;40;5;5;5823;1423.8;0;0;0;
GLOBAL II;55;4;0;2.48;40;40;5;5;5823;1423.8;0;0;0;
GLOBAL II;55;5;0;2.48;40;40;5;5;5823;1423.8;0;0;0;
GLOBAL II;55;6;0;2.48;40;40;5;5;5823;1423.8;0;0;0;
GLOBAL II;55;7;0;2.48;40;40;6;5;5823;1423.8;0;0;0;
GLOBAL II;55;8;0;2.48;40;40;6;5;5823;1423.8;0;0;0;
GLOBAL II;55;9;0;2.48;40;40;6;5;5823;1423.8;0;0;0;
GLOBAL II;55;10;0;2.48;40;40;6;5;5823;1423.8;0;0;0;
GLOBAL II;55;11;0;2.48;40;40;7;5;5823;1423.8;0;0;0;
GLOBAL II;55;12;0;2.48;40;40;5;5;5823;1423.8;0;0;0;
GLOBAL II;55;13;0;2.48;40;40;5;5;5823;1423.8;0;0;0;
GLOBAL II;55;14;0;2.48;40;40;5;5;5823;1423.8;0;0;0;
GLOBAL II;55;15;0;2.48;40;40;5;5;5823;1423.8;0;0;0;
GLOBAL II;55;16;0;2.48;40;40;5;5;5823;1423.8;0;0;0;
GLOBAL II;55;17;0;2.48;40;40;5;5;5823;1423.8;0;0;0;
GLOBAL II;55;18;0;2.48;40;40;6;5;5823;1423.8;0;0;0;
GLOBAL II;55;19;0;2.48;40;40;6;5;5823;1423.8;0;0;0;
GLOBAL II;55;20;0;2.48;40;40;6;5;5823;1423.8;0;0;0;
GLOBAL II;55;21;0;2.48;40;40;6;5;5823;1423.8;0;0;0;
GLOBAL II;55;22;0;2.48;40;40;7;5;5823;1423.8;0;0;0;
GLOBAL II;55;23;0;2.48;40;40;5;5;5823;1423.8;0;0;0;
GLOBAL II;55;24;0;2.48;40;40;5;5;5823;1423.8;0;0;0;
GLOBAL II;55;25;0;2.48;40;40;5;5;5823;1423.8;0;0;0;
GLOBAL II;55;26;0;2.48;40;40;5;5;5823;1423.8;0;0;0;
GLOBAL II;55;27;0;2.48;40;40;5;5;5823;1423.8;0;0;0;
GLOBAL II;55;28;0;2.48;40;40;5;5;5823;1423.8;0;0;0;
GLOBAL II;55;29;0;2.48;40;40;6;5;5823;1423.8;0;0;0;
GLOBAL II;55;30;0;2.48;40;40;6;5;5823;1423.8;0;0;0;
GLOBAL II;55;31;0;2.48;40;40;6;5;5823;1423.8;0;0;0;
GLOBAL II;55;32;0;2.48;40;40;6;5;5823;1423.8;0;0;0;
GLOBAL II;55;33;0;2.48;40;40;7;5;5823;1423.8;0;0;0;
GLOBAL II;55;34;0;2.48;40;40;5;5;5823;1423.8;0;0;0;
GLOBAL II;55;35;0;2.48;40;40;5;5;5823;1423.8;0;0;0;
GLOBAL II;55;36;0;2.48;40;40;5;5;5823;1423.8;0;0;0;
GLOBAL II;55;37;0;2.48;40;40;5;5;5823;1423.8;0;0;0;
GLOBAL II;55;38;0;2.48;40;40;5;5;5823;1423.8;0;0;0;
GLOBAL II;55;39;0;2.48;40;40;5;5;5823;1423.8;0;0;0;
GLOBAL II;55;40;0;2.48;40;40;6;5;5823;1423.8;0;0;0;
GLOBAL II;55;41;0;2.48;40;40;5;5;5823;1423.8;0;0;0;
GLOBAL II;55;42;0;2.48;40;40;5;5;5823;1423.8;0;0;0;
GLOBAL II;55;43;0;2.48;40;40;5;5;5823;1423.8;0;0;0;
GLOBAL II;55;44;0;2.48;40;40;5;5;5823;1423.8;0;0;0;
GLOBAL II;55;45;0;2.48;40;40;5;5;5823;1423.8;0;0;0;
GLOBAL II;55;46;0;2.48;40;40;5;5;5823;1423.8;0;0;0;
GLOBAL II;55;47;0;2.48;40;40;5;5;5823;1423.8;0;0;0;
GLOBAL II;55;48;0;2.48;40;40;5;5;5823;1423.8;0;0;0;
GLOBAL II;55;49;0;2.48;40;40;6;5;5823;1423.8;0;0;0;
GLOBAL II;55;50;0;2.48;40;40;6;5;5823;1423.8;0;0;0;
GLOBAL II;55;51;0;2.48;40;40;6;5;5823;1423.8;0;0;0;
GLOBAL II;55;52;0;2.48;40;40;6;5;5823;1423.8;0;0;0;
GLOBAL II;55;53;0;2.48;40;40;7;5;5823;1423.8;0;0;0;
GLOBAL II;55;54;0;8.68;40;40;7;5;5823;1423.8;0;0;0;
GLOBAL II;55;55;0;8.68;40;40;7;5;5823;1423.8;0;0;0;
MARACANAU I;57;1;17;20.5;6;6;6;6;5460;1226.76;0;0;0;
MARACANAU I;57;2;17;20.5;6;6;6;6;5460;1226.76;0;0;0;
MARACANAU I;57;3;17;20.5;6;6;6;6;5460;1226.76;0;0;0;
MARACANAU I;57;4;17;20.5;6;6;6;6;5460;1226.76;0;0;0;
MARACANAU I;57;5;17;20.5;6;6;6;6;5460;1226.76;0;0;0;
MARACANAU I;57;6;17;20.5;6;6;6;6;5460;1226.76;0;0;0;
MARACANAU I;57;7;17;20.5;6;6;6;6;5460;1226.76;0;0;0;
MARACANAU I;57;8;17;20.5;6;6;6;6;5460;1226.76;0;0;0;
TERMOCEARA;58;1;30;55;100;100;5;6;5660;474.09;0;0;0;
TERMOCEARA;58;2;30;55;100;100;5;6;5660;474.09;0;0;0;
TERMOCEARA;58;3;30;55;100;100;5;6;5660;474.09;0;0;0;
TERMOCEARA;58;4;20;27;100;100;5;6;5660;474.09;0;0;0;
NORTEFLU;60;1;120;189.55;60;60;120;48;3962;400;0;0;0;
NORTEFLU;60;2;120;189.55;60;60;120;48;3962;400;0;0;0;
NORTEFLU;60;3;120;189.55;60;60;120;48;3962;400;0;0;0;
NORTEFLU;60;4;40;291.55;60;60;120;48;3963;400;0;0;0;
SEROPEDICA;62;1;40;45;50;50;5;6;3974;464.83;0;0;0;
SEROPEDICA;62;2;40;45;50;50;5;6;3974;464.83;0;0;0;
SEROPEDICA;62;3;40;45;50;50;5;6;3974;464.83;0;0;0;
SEROPEDICA;62;4;40;45;50;50;5;6;3974;464.83;0;0;0;
SEROPEDICA;62;5;40;45;50;50;6;6;3974;464.83;0;0;0;
SEROPEDICA;62;6;40;45;50;50;6;6;3974;464.83;0;0;0;
SEROPEDICA;62;7;40;45;50;50;6;6;3974;464.83;0;0;0;
SEROPEDICA;62;8;40;45;50;50;6;6;3974;464.83;0;0;0;
IBIRITE;63;1;95;170;76;76;83;48;1585;1496.82;0;0;0;
IBIRITE;63;2;55;75;76;76;83;48;1585;1496.82;0;0;0;
CANOAS;64;1;90;160;20;20;80;48;1152;698.14;0;0;0;
CANOAS;64;2;45;88.4;20;20;80;48;1169;698.14;0;0;0;
TERMONE;67;1;41;49.949;24;24;12;3;5219;1244.02;0;0;0;
TERMONE;67;2;41;58.274;24;24;12;3;5219;1244.02;0;0;0;
TERMONE;67;3;41;54.086;24;24;12;3;5219;1244.02;0;0;0;
TRES LAGOAS;68;1;58;63;20;20;81;48;4300;316.26;0;0;0;
TRES LAGOAS;68;2;58;63;20;20;81;48;4300;316.26;0;0;0;
TRES LAGOAS;68;3;58;63;20;20;81;48;4300;316.26;0;0;0;
TRES LAGOAS;68;4;58;63;20;20;81;48;4301;316.26;0;0;0;
TRES LAGOAS;68;5;0;60;20;20;85;48;4301;316.26;0;0;0;
TRES LAGOAS;68;6;0;60;20;20;85;48;4301;316.26;0;0;0;
TERMOPB;69;1;41;49.949;24;24;12;3;5218;1244.02;0;0;0;
TERMOPB;69;2;41;58.274;24;24;12;3;5218;1244.02;0;0;0;
TERMOPB;69;3;41;54.086;24;24;12;3;5218;1244.02;0;0;0;
GERAMAR II;70;1;8;43.6;24;36;5;0;6447;1257.44;0;0;0;
GERAMAR II;70;2;8;34.9;24;36;5;0;6447;1257.44;0;0;0;
GERAMAR II;70;3;8;43.6;24;36;5;0;6447;1257.44;0;0;0;
GERAMAR II;70;4;8;43.6;24;36;5;0;6447;1257.44;0;0;0;
GERAMAR I;73;1;8;43.6;24;36;5;0;5557;1257.44;0;0;0;
GERAMAR I;73;2;8;43.65;24;36;5;0;5557;1257.44;0;0;0;
GERAMAR I;73;3;8;43.65;24;36;5;0;5557;1257.44;0;0;0;
GERAMAR I;73;4;8;34.9;24;36;5;0;5557;1257.44;0;0;0;
VALE DO ACU;83;1;110;160;50;50;26;48;5466;450.86;0;0;0;
VALE DO ACU;83;2;110;160;50;50;26;48;5466;450.86;0;0;0;
ST.CRUZ NOVA;86;11;60;175;30;30;24;24;32;294.95;0;0;0;
ST.CRUZ NOVA;86;21;60;175;30;30;24;24;32;294.95;0;0;0;
TERMOMACAE;90;1;35;45;10;10;5;6;3977;880.49;0;0;0;
TERMOMACAE;90;2;35;45;10;10;5;6;3977;880.49;0;0;0;
TERMOMACAE;90;3;35;45;10;10;5;6;3977;880.49;0;0;0;
TERMOMACAE;90;4;35;45;10;10;5;6;3977;880.49;0;0;0;
TERMOMACAE;90;5;35;45;10;10;5;6;3977;880.49;0;0;0;
TERMOMACAE;90;6;35;45;10;10;5;6;3977;880.49;0;0;0;
TERMOMACAE;90;7;35;45;10;10;5;6;3977;880.49;0;0;0;
TERMOMACAE;90;8;35;45;10;10;5;6;3977;880.49;0;0;0;
TERMOMACAE;90;9;35;45;10;10;5;6;3977;880.49;0;0;0;
TERMOMACAE;90;10;35;45;10;10;5;6;3977;880.49;0;0;0;
TERMOMACAE;90;11;35;45;10;10;5;6;3977;880.49;0;0;0;
TERMOMACAE;90;12;35;45;10;10;5;6;3977;880.49;0;0;0;
TERMOMACAE;90;13;35;45;10;10;5;6;3977;880.49;0;0;0;
TERMOMACAE;90;14;35;45;10;10;5;6;3977;880.49;0;0;0;
TERMOMACAE;90;15;35;45;10;10;5;6;3977;880.49;0;0;0;
TERMOMACAE;90;16;35;45;10;10;5;6;3977;880.49;0;0;0;
TERMOMACAE;90;17;35;45;10;10;5;6;3977;880.49;0;0;0;
TERMOMACAE;90;18;35;45;10;10;5;6;3977;880.49;0;0;0;
TERMOMACAE;90;19;35;45;10;10;5;6;3977;880.49;0;0;0;
TERMOMACAE;90;20;35;45;10;10;5;6;3977;880.49;0;0;0;
TERMOPE;96;1;118.5;180.2;5;5;132;36;5151;198.55;0;0;0;
TERMOPE;96;2;118.5;180.2;5;5;132;36;5151;198.55;0;0;0;
TERMOPE;96;3;118.5;237.6;8;8;132;36;5154;198.55;0;0;0;
CUBATAO;97;1;85;168;60;60;84;48;9101;367.86;0;0;0;
CUBATAO;97;2;25;48;60;60;84;48;9100;367.86;0;0;0;
PERNAMBU_III;98;1;36;52.38;72.6;72.6;3;8;5178;1090.09;0;0;0;
PERNAMBU_III;98;2;36;52.38;72.6;72.6;3;8;5178;1090.09;0;0;0;
PERNAMBU_III;98;3;36;52.38;72.6;72.6;3;8;5178;1090.09;0;0;0;
PERNAMBU_III;98;4;30;43.6;72.6;72.6;3;8;5178;1090.09;0;0;0;
ERB CANDEIAS;106;1;4;16.79;2;2;24;24;6611;97.18;0;0;0;
PAMPA SUL;107;1;175;345;60;60;24;24;998;77.19;0;0;0;
XAVANTES;108;1;18;26.064;30;30;1;1;2979;2631.53;0;0;0;
XAVANTES;108;2;18;27.512;30;30;1;1;2979;2631.53;0;0;0;
ALTOS;109;1;4;13.1;30;30;0;0;5503;100;0;0;0;
N.PIRATININ;110;1;95;95;360;360;168;48;405;654.42;0;0;0;
N.PIRATININ;110;2;95;95;360;360;168;48;405;654.42;0;0;0;
N.PIRATININ;110;3;95;95;360;360;168;48;406;654.42;0;0;0;
N.PIRATININ;110;4;95;95;360;360;168;48;406;654.42;0;0;0;
N.PIRATININ;110;5;185;185;360;360;168;48;404;654.42;0;0;0;
N.PIRATININ;110;6;185;185;360;360;168;48;404;654.42;0;0;0;
ARACATI;111;1;4;11.5;30;30;0;0;5453;100;0;0;0;
CURUMIM;112;1;7.6;10.6;60;60;5;6;5802;1490.44;0;0;0;
CURUMIM;112;2;7.6;10.6;60;60;5;6;5802;1490.44;0;0;0;
CURUMIM;112;3;7.6;10.6;60;60;6;6;5802;1490.44;0;0;0;
BATURITE;113;1;8;11.5;30;30;0;0;5453;100;0;0;0;
PARNAIBA IV;116;1;17;18.759;50;50;120;48;5642;151.69;0;0;0;
PARNAIBA IV;116;2;17;18.759;50;50;120;48;5642;151.69;0;0;0;
PARNAIBA IV;116;3;17;18.759;50;50;120;48;5642;151.69;0;0;0;
CAMPO MAIOR;117;1;6;13.1;30;30;0;0;5503;100;0;0;0;
CAUCAIA;119;1;6;14.8;30;30;0;0;5453;100;0;0;0;
CRATO;121;1;6;13.1;30;30;0;0;5453;100;0;0;0;
ENGUIA PECEM;125;1;6;14.8;30;30;0;0;5453;100;0;0;0;
IGUATU;127;1;8;14.8;30;30;0;0;5453;100;0;0;0;
JUAZEIRO N;133;1;8;14.8;30;30;0;0;5453;100;0;0;0;
MARAMBAIA;135;1;8;13.1;30;30;0;0;5503;100;0;0;0;
GNA;137;1;288;290.7;20;20;176;0;54;572.01;0;0;0;
GNA;137;2;288;290.7;20;20;176;0;53;572.01;0;0;0;
GNA;137;3;288;290.7;20;20;176;0;53;572.01;0;0;0;
GNA;137;4;177;466.2;20;20;176;0;53;572.01;0;0;0;
NAZARIA;138;1;8;13.1;30;30;0;0;5503;572.01;0;0;0;
MAUA 3;140;1;120;189;240;240;48;0;8535;134.62;0;0;0;
MAUA 3;140;2;120;189;240;240;48;0;8535;134.62;0;0;0;
MAUA 3;140;3;60;211;360;360;48;0;8538;134.62;0;0;0;
PETROLINA;144;1;15.2;16.5;54;54;8;6;6314;2014.11;0;0;0;
PETROLINA;144;2;15.2;16.5;54;54;8;6;6314;2014.11;0;0;0;
PETROLINA;144;3;15.2;16.5;54;54;8;6;6314;2014.11;0;0;0;
PETROLINA;144;4;15.2;16.5;54;54;8;6;6314;2014.11;0;0;0;
PETROLINA;144;5;15.2;16.5;54;54;8;6;6314;2014.11;0;0;0;
PETROLINA;144;6;15.2;16.5;54;54;8;6;6314;2014.11;0;0;0;
PETROLINA;144;7;15.2;16.5;54;54;8;6;6314;2014.11;0;0;0;
PETROLINA;144;8;15.2;16.5;54;54;8;6;6314;2014.11;0;0;0;
STA VITORIA;146;1;13;41.4;10;10;24;24;7160;134.46;0;0;0;
PROSPERIDADE;147;1;4.6;9.341;9.2;9.2;2;2;6104;183.28;0;0;0;
PROSPERIDADE;147;2;4.6;9.341;9.2;9.2;2;2;6104;183.28;0;0;0;
PROSPERIDADE;147;3;4.6;9.341;9.2;9.2;2;2;6104;183.28;0;0;0;
SAO SEPE;149;1;1.6;8;16;16;0;0;10170;97.11;0;0;0;
POTIGUAR;151;1;5;13.3;50;50;4;1;5240;2031.4;0;0;0;
POTIGUAR;151;2;5;13.3;50;50;4;1;5240;2031.4;0;0;0;
POTIGUAR;151;3;5;13.3;50;50;4;1;5240;2031.4;0;0;0;
POTIGUAR;151;4;5;13.3;50;50;4;1;5240;2031.4;0;0;0;
TERMOCABO;152;1;16.5;16.5;50;50;6;12;5134;1241.89;0;0;0;
TERMOCABO;152;2;16.5;16.5;50;50;6;12;5134;1241.89;0;0;0;
TERMOCABO;152;3;16.5;16.5;50;50;6;12;5134;1241.89;0;0;0;
DAIA;153;1;2.8;22.1;30;30;1;1;3004;1827.31;0;0;0;
DAIA;153;2;2.8;22.34;30;30;1;1;3004;1827.31;0;0;0;
DAIA;153;3;0.2;1.6;0.4;0.4;1;1;3004;1827.31;0;0;0;
GOIANIA II;155;1;30;68.06;30;30;8;8;3017;1927.25;0;0;0;
GOIANIA II;155;2;30;68.06;30;30;8;8;3017;1927.25;0;0;0;
CANDIOTA 3;156;1;210;350;60;120;168;168;1173;95.32;0;0;0;
TERMOMANAUS;159;1;3.12;6.24;4.2;4.2;3;1;5188;2275.62;0;0;0;
TERMOMANAUS;159;2;6.96;13.92;4.2;4.2;3;1;5188;2275.62;0;0;0;
TERMOMANAUS;159;3;6.24;12.48;4.2;4.2;3;1;5188;2275.62;0;0;0;
TERMOMANAUS;159;4;6.96;13.92;4.2;4.2;3;1;5188;2275.62;0;0;0;
TERMOMANAUS;159;5;6.24;12.48;4.2;4.2;3;1;5188;2275.62;0;0;0;
TERMOMANAUS;159;6;6.96;13.92;4.2;4.2;3;1;5188;2275.62;0;0;0;
TERMOMANAUS;159;7;2.4;4.8;4.2;4.2;3;1;5188;2275.62;0;0;0;
TERMOMANAUS;159;8;6.24;12.48;4.2;4.2;3;1;5188;2275.62;0;0;0;
TERMOMANAUS;159;9;6.96;13.92;4.2;4.2;3;1;5188;2275.62;0;0;0;
TERMOMANAUS;159;10;6.24;12.48;4.2;4.2;3;1;5188;2275.62;0;0;0;
TERMOMANAUS;159;11;6.96;13.92;4.2;4.2;3;1;5188;2275.62;0;0;0;
TERMOMANAUS;159;12;6.24;12.48;4.2;4.2;3;1;5188;2275.62;0;0;0;
PAU FERRO I;160;1;6.96;13.92;13.8;13.8;3;1;5187;2275.62;0;0;0;
PAU FERRO I;160;2;6.24;12.48;13.8;13.8;3;1;5187;2275.62;0;0;0;
PAU FERRO I;160;3;6.96;13.92;13.8;13.8;3;1;5187;2275.62;0;0;0;
PAU FERRO I;160;4;6.24;12.48;13.8;13.8;3;1;5187;2275.62;0;0;0;
PAU FERRO I;160;5;6.96;13.92;13.8;13.8;3;1;5187;2275.62;0;0;0;
PAU FERRO I;160;6;6.24;12.48;13.8;13.8;3;1;5187;2275.62;0;0;0;
PAU FERRO I;160;7;7.44;14.88;13.8;13.8;3;1;5187;2275.62;0;0;0;
POTIGUAR III;161;1;5;9.57;50;50;4;1;5242;2031.38;0;0;0;
POTIGUAR III;161;2;5;9.57;50;50;4;1;5242;2031.38;0;0;0;
POTIGUAR III;161;3;5;9.57;50;50;4;1;5242;2031.38;0;0;0;
POTIGUAR III;161;4;5;8.25;50;50;4;1;5242;2031.38;0;0;0;
POTIGUAR III;161;5;5;9.57;50;50;4;1;5242;2031.38;0;0;0;
POTIGUAR III;161;6;5;8.25;50;50;4;1;5242;2031.38;0;0;0;
P. PECEM II;163;1;240;365;84;84;168;48;5659;574.14;0;0;0;
APOENA;164;1;12.5;18.5;20;20;5;4;5764;1835.79;0;0;0;
APOENA;164;2;12.5;18.5;20;20;5;4;5764;1835.79;0;0;0;
APOENA;164;3;12.5;18.5;20;20;5;4;5764;1835.79;0;0;0;
APOENA;164;4;12.5;18.5;20;20;5;4;5764;1835.79;0;0;0;
APOENA;164;5;12.5;18.5;20;20;7;6;5764;1835.79;0;0;0;
APOENA;164;6;12.5;18.5;20;20;7;6;5764;1835.79;0;0;0;
APOENA;164;7;12.5;18.5;20;20;7;6;5764;1835.79;0;0;0;
APOENA;164;8;12.5;18.5;20;20;7;6;5764;1835.79;0;0;0;
GUARANI;166;1;30;37;20;20;6;4;5762;1835.79;0;0;0;
GUARANI;166;2;30;37;20;20;7;6;5762;1835.79;0;0;0;
GUARANI;166;3;30;37;20;20;8;8;5762;1835.79;0;0;0;
GUARANI;166;4;30;37;20;20;9;10;5762;1835.79;0;0;0;
P. PECEM I;167;1;240;360.137;60;60;168;48;5658;583.03;0;0;0;
P. PECEM I;167;2;240;360.137;60;60;168;48;5658;583.03;0;0;0;
CISFRAMA;169;1;1;4;2;2;14;5;9839;342.65;0;0;0;
SUAPE II;170;1;22.427;22.427;40;40;5;0;6021;1294.5;0;0;0;
SUAPE II;170;2;22.427;22.427;40;40;5;0;6021;1294.5;0;0;0;
SUAPE II;170;3;22.427;22.427;40;40;6;0;6021;1294.5;0;0;0;
SUAPE II;170;4;22.427;22.427;40;40;6;0;6022;1294.5;0;0;0;
SUAPE II;170;5;22.427;22.427;40;40;6;0;6022;1294.5;0;0;0;
SUAPE II;170;6;22.427;22.427;40;40;6;0;6022;1294.5;0;0;0;
SUAPE II;170;7;22.427;22.427;40;40;6;0;6023;1294.5;0;0;0;
SUAPE II;170;8;22.427;22.427;40;40;6;0;6023;1294.5;0;0;0;
SUAPE II;170;9;22.427;22.427;40;40;6;0;6023;1294.5;0;0;0;
SUAPE II;170;10;22.427;22.427;40;40;7;0;6024;1294.5;0;0;0;
SUAPE II;170;11;22.427;22.427;40;40;7;0;6024;1294.5;0;0;0;
SUAPE II;170;12;22.427;22.427;40;40;7;0;6024;1294.5;0;0;0;
SUAPE II;170;13;22.427;22.427;40;40;7;0;6025;1294.5;0;0;0;
SUAPE II;170;14;22.427;22.427;40;40;7;0;6025;1294.5;0;0;0;
SUAPE II;170;15;22.427;22.427;40;40;7;0;6025;1294.5;0;0;0;
SUAPE II;170;16;22.427;22.427;40;40;7;0;6026;1294.5;0;0;0;
SUAPE II;170;17;22.427;22.427;40;40;8;0;6026;1294.5;0;0;0;
PORTO ITAQUI;176;1;240;360.137;80;80;168;48;5609;565.94;0;0;0;
PALMEIRAS GO;182;1;50;70.58;20;20;5;5;3740;1492.83;0;0;0;
PALMEIRAS GO;182;2;49.5;69.856;20;20;5;5;3740;1492.83;0;0;0;
T.NORTE 2;194;1;60;73.8;360;360;12;12;6913;910.86;0;0;0;
T.NORTE 2;194;2;60;73.8;360;360;12;12;6913;910.86;0;0;0;
T.NORTE 2;194;3;60;73.8;360;360;12;12;6912;910.86;0;0;0;
T.NORTE 2;194;4;60;118.6;360;360;12;12;6912;910.86;0;0;0;
APARECIDA;201;1;25;43;220;220;1;1;8646;134.62;0;0;0;
APARECIDA;201;2;25;43;220;220;1;1;8646;134.62;0;0;0;
APARECIDA;201;3;25;40;220;220;1;1;8653;134.62;0;0;0;
APARECIDA;201;4;25;40;220;220;1;1;8653;134.62;0;0;0;
C. ROCHA;203;1;12;17.076;66;66;4;12;8611;100;0;0;0;
C. ROCHA;203;2;12;17.076;66;66;4;12;8611;100;0;0;0;
C. ROCHA;203;3;12;17.076;66;66;4;12;8611;100;0;0;0;
C. ROCHA;203;4;12;17.076;66;66;4;12;8611;100;0;0;0;
C. ROCHA;203;5;12;17.076;66;66;4;12;8611;100;0;0;0;
JARAQUI;204;6;15;36.08;35;35;7;6;8612;100;0;0;0;
JARAQUI;204;7;15;39.36;35;35;7;6;8616;100;0;0;0;
MANAUARA;205;1;10;18.35;34;34;9;4;8609;100;0;0;0;
MANAUARA;205;2;10;18.35;34;34;9;4;8609;100;0;0;0;
MANAUARA;205;3;10;18.35;34;34;9;4;8609;100;0;0;0;
MANAUARA;205;4;10;18.35;34;34;9;4;8609;100;0;0;0;
PONTA NEGRA;207;1;16;18.35;34;34;3;0;8610;100;0;0;0;
PONTA NEGRA;207;2;16;18.35;34;34;3;0;8610;100;0;0;0;
PONTA NEGRA;207;3;16;18.35;34;34;3;0;8610;100;0;0;0;
PONTA NEGRA;207;4;16;18.35;34;34;3;0;8610;100;0;0;0;
TAMBAQUI;209;5;10;17.56;43;43;7;6;8617;100;0;0;0;
TAMBAQUI;209;6;25;39.36;43;43;7;6;8617;100;0;0;0;
TAMBAQUI;209;7;25;36.08;43;43;7;6;8615;100;0;0;0;
BAIXADA FLU;211;1;100;181.9;50;50;168;48;9627;290.92;0;0;0;
BAIXADA FLU;211;2;100;181.9;50;50;168;48;9627;290.92;0;0;0;
BAIXADA FLU;211;3;100;195.5;50;50;168;48;9628;290.92;0;0;0;
MARANHAO III;212;1;110;168.872;240;240;120;48;5646;94.86;0;0;0;
MARANHAO III;212;2;110;168.872;240;240;120;48;5646;94.86;0;0;0;
MARANHAO III;212;3;180;181.2;10;10;120;48;5815;94.86;0;0;0;
SYKUE I;221;1;18;30;20;20;720;0;6365;510.12;0;0;0;
P. SERGIPE I;224;1;358;358;50;50;179;0;5700;416.26;0;0;0;
P. SERGIPE I;224;2;358;358;50;50;177;0;5700;416.26;0;0;0;
P. SERGIPE I;224;3;358;358;50;50;177;0;5700;416.26;0;0;0;
P. SERGIPE I;224;4;612;612;50;50;177;0;5800;416.26;0;0;0;
ONCA PINTADA;229;1;22.4;50;20;20;412;0;7646;124.48;0;0;0;
PREDILECTA;230;1;1;5;1;1;0;0;2117;175.91;0;0;0;
W ARJONA;334;1;30;39.16;60;60;136;24;1890;150;0;0;0;
W ARJONA;334;2;30;39.16;60;60;136;24;1890;150;0;0;0;
W ARJONA;334;3;30;33;60;60;136;24;1890;150;0;0;0;
W ARJONA;334;4;30;33.1;60;60;136;24;1890;150;0;0;0;
W ARJONA;334;5;30;32.7;60;60;136;24;1890;150;0;0;0;
ATLANTICO;383;1;40;90;60;60;24;1;9603;150;0;0;0;
ATLANTICO;383;2;40;90;60;60;24;1;9615;150;0;0;0;
ATLANTICO;383;3;40;155;60;60;24;1;9600;150;0;0;0;
W ARJONA 2;434;1;30;39.16;60;60;136;24;1890;150;0;0;0;
W ARJONA 2;434;2;30;39.16;60;60;136;24;1890;150;0;0;0;
W ARJONA 2;434;3;30;33;60;60;136;24;1890;150;0;0;0;
W ARJONA 2;434;4;30;33.1;60;60;136;24;1890;150;0;0;0;
W ARJONA 2;434;5;30;32.7;60;60;136;24;1890;150;0;0;0;
</Thermal generating units>;;;;;;;;;;;;;;
</END>;;;;;;;;;;;;;;
